feature,time_ratio,ci_low,ci_high,p_value,model
category_Butter_cream,1.09961402990902,1.0145045245191728,1.1918635999635738,0.02087054464369186,Weibull
category_Cheese,0.8793393151598882,0.7828538147135662,0.9877165016673983,0.030129016539179574,Weibull
category_Deli,1.0161472439091244,0.9428368553778682,1.0951578901636,0.675017212222677,Weibull
category_Flavoured_milk,0.7554493910013118,0.6965941078938587,0.8192773609437592,1.2295427886014888e-11,Weibull
category_Ice_cream,0.5967308819849312,0.5044306491662364,0.7059201222270779,1.7230033424447399e-09,Weibull
channel_Duka,0.7985968366292777,0.7418036663266288,0.8597381442348845,2.29926389635753e-09,Weibull
channel_HoReCa,0.9390899353392734,0.8569884634869565,1.029056917601019,0.17819396038258867,Weibull
channel_Petrol_station,0.726820471847247,0.6706085493255742,0.7877442046146439,7.895501537208625e-15,Weibull
channel_Wholesaler,1.1636511163302095,1.0534544841778084,1.2853748698913812,0.0028277773242880327,Weibull
distance_per100km,0.8965073503195425,0.8841359991847185,0.9090518086788686,1.413790626777196e-53,Weibull
has_merchandiser,1.358089085295371,1.2859472532888465,1.4342780847980332,4.238423246257172e-28,Weibull
log2_shelf_life,1.333717255526371,1.2830709953053958,1.3863626597415257,3.8122277449039853e-48,Weibull
pos_material,1.2667178809947715,1.1997142120055244,1.3374636842465737,1.505319245867866e-17,Weibull
price_index_per10,0.819973845240392,0.7910153915966006,0.849992445180132,2.779627354565847e-27,Weibull
retailer_margin_pp,1.0259597061564438,1.0181034416684005,1.033876594044016,6.379326307800566e-11,Weibull
sellthrough_per10pp,1.3012312422016077,1.2862711663285575,1.3163653123893764,0.0,Weibull
trade_promo,1.143101228805538,1.0858423699065358,1.2033794734029433,3.378430303790551e-07,Weibull
category_Butter_cream,1.1284124853187338,1.0360826596318866,1.2289702227770147,0.0055402290613396485,Log-normal
category_Cheese,0.9209626244155443,0.8206761370154251,1.033504103890406,0.16159645802384137,Log-normal
category_Deli,1.0229949820008297,0.9428171240931261,1.109991223595456,0.5851013794311188,Log-normal
category_Flavoured_milk,0.7894092215849745,0.7185218500110815,0.8672901445012208,8.396443520898703e-07,Log-normal
category_Ice_cream,0.6495838289455895,0.5503490619348508,0.7667118561883977,3.3856641987697707e-07,Log-normal
channel_Duka,0.8215115596515161,0.7585634442666551,0.889683318833682,1.3396268862321846e-06,Log-normal
channel_HoReCa,0.9350140152505689,0.8490987306702911,1.02962255994052,0.17182824756032603,Log-normal
channel_Petrol_station,0.7766128829295486,0.712129512613484,0.8469352263167594,1.0884346739112868e-08,Log-normal
channel_Wholesaler,1.1863131939698521,1.0698178267183371,1.3154940579967338,0.0011966053378314324,Log-normal
distance_per100km,0.9049915263216927,0.891661870654124,0.9185204500370086,1.0555079760960752e-39,Log-normal
has_merchandiser,1.3116159237305984,1.2397243330202266,1.3876765064315337,4.044130543026436e-21,Log-normal
log2_shelf_life,1.2779710255137848,1.2292447855056587,1.328628733113496,3.97244745411071e-35,Log-normal
pos_material,1.2179747605419955,1.1499707311710812,1.2900002383596636,1.7323446827887086e-11,Log-normal
price_index_per10,0.8546378909394796,0.8230791537125195,0.8874066623300654,2.7828851667443443e-16,Log-normal
retailer_margin_pp,1.0251076072144831,1.0167400725532432,1.0335440047426419,3.0302885586242105e-09,Log-normal
sellthrough_per10pp,1.2739941476415046,1.2593303807870369,1.2888286608399364,0.0,Log-normal
trade_promo,1.1739356801847953,1.1117456712821179,1.2396045397879702,7.72254920612475e-09,Log-normal
category_Butter_cream,1.129117639286397,1.0399255347934888,1.225959552575907,0.003822644441359285,Log-logistic
category_Cheese,0.9015471727101227,0.8039162690089208,1.011034775578844,0.07634444591703939,Log-logistic
category_Deli,1.0164373545165668,0.9389870682753708,1.1002759575317738,0.6868180880876997,Log-logistic
category_Flavoured_milk,0.7998091032320284,0.7312920450254621,0.8747457407259894,1.0157200205760223e-06,Log-logistic
category_Ice_cream,0.6313214364356815,0.5346723840925027,0.7454410737515421,5.787070234523163e-08,Log-logistic
channel_Duka,0.8036327675592849,0.7431811845669881,0.8690015819914543,4.276853772308398e-08,Log-logistic
channel_HoReCa,0.9359376784890042,0.8507105509556179,1.0297031546527593,0.1741168478101136,Log-logistic
channel_Petrol_station,0.7599369658982684,0.6983225682003285,0.8269877252098157,1.974017074602886e-10,Log-logistic
channel_Wholesaler,1.1723856139864248,1.0571998154126228,1.3001213279117596,0.0025770180279525547,Log-logistic
distance_per100km,0.9025449244675677,0.8895096389644624,0.9157712350711376,2.0971128297937084e-43,Log-logistic
has_merchandiser,1.311739381116388,1.240141667041832,1.3874706815359057,2.65513537323029e-21,Log-logistic
log2_shelf_life,1.2934159657933282,1.2440980560604296,1.3446889113118499,1.7790837754141564e-38,Log-logistic
pos_material,1.2275314476853607,1.159560396414631,1.299486822519687,1.7434974251453553e-12,Log-logistic
price_index_per10,0.8482847600287249,0.8172771303278871,0.8804688243366079,4.70872872767333e-18,Log-logistic
retailer_margin_pp,1.0244561302908675,1.0162151384150198,1.032763952451495,4.538431334077284e-09,Log-logistic
sellthrough_per10pp,1.281333855732716,1.266814751040636,1.296019365497745,0.0,Log-logistic
trade_promo,1.1784722843822748,1.1170350715689128,1.243288559513683,1.8378462920044344e-09,Log-logistic
