feature,coef,se,hazard_ratio,ci_low,ci_high,p_value
sellthrough_per10pp,-0.34729622170047647,0.00849604392420921,0.7065959881885735,0.694927217583231,0.7184606932802837,0.0
trade_promo,-0.25978040650435386,0.037391934604445926,0.7712209223085335,0.7167219918045368,0.8298639051229685,3.7182023394511294e-12
pos_material,-0.3206354578068192,0.039478494552071426,0.7256877465800136,0.671654044809628,0.784068389978419,4.594137126004195e-16
has_merchandiser,-0.4025373069780251,0.03956282808561248,0.6686213942171952,0.6187344942864085,0.722530540859109,2.5736493810057147e-24
price_index_per10,0.2830827496557654,0.026101952277174732,1.3272149838562672,1.2610237149465346,1.3968806395106348,2.100122315006928e-27
retailer_margin_pp,-0.036253104662923315,0.005597161667401564,0.964396169422571,0.953874335555384,0.9750340657350949,9.35322444455089e-11
distance_per100km,0.1510805999766479,0.01016785423513004,1.163090399363025,1.1401410375187013,1.1865016981008822,6.114380206546379e-50
log2_shelf_life,-0.3585471795950998,0.028438290006374625,0.698690661118478,0.6608124581704988,0.7387400674704312,1.910097233797134e-36
channel_Wholesaler,-0.2337498070485106,0.07262799710146106,0.7915598338143096,0.6865350042487578,0.9126511636413347,0.001288840174174475
channel_Duka,0.27794487753485086,0.05354581987291086,1.3204134107608125,1.1888625373750537,1.4665207460961303,2.094085029153821e-07
channel_HoReCa,0.03193094718948231,0.06651742596250519,1.0324462095310836,0.9062493300747957,1.1762162356435908,0.6311997841747342
channel_Petrol_station,0.38742627202995505,0.05855695556452118,1.4731843347244382,1.3134493234361826,1.652345503821742,3.684755278211366e-11
category_Cheese,0.06311865963255053,0.08288579024292521,1.0651532224228484,0.9054397840654422,1.2530390283312052,0.4463503364110081
category_Ice_cream,0.5648501737919817,0.1217410211305945,1.759184191079285,1.3857508974357005,2.233250596387851,3.4879942657288953e-06
category_Deli,-0.03490381466289811,0.054794818921240315,0.9656982978068865,0.8673612812496871,1.0751842658268929,0.524130608911031
category_Butter_cream,-0.1788771982034505,0.0580273562379378,0.8362085810082012,0.7463140964691134,0.9369309708337902,0.0020517618049057406
category_Flavoured_milk,0.3842342609518385,0.05912350836681958,1.468489411118326,1.3078104333668448,1.6489095785962078,8.094132698325766e-11
