variable,group,listings,delisted,median_wks,median_ci_low,median_ci_high,S(13),S(26),S(52)
trade_promo_lbl,No promo,4096,2432,34.14,32.14,37.0,0.7609112312260837,0.5672119852688889,0.4277025643753531
trade_promo_lbl,Promo funded,2828,1188,93.71,78.0,107.29,0.9395657135036207,0.7468494961274632,0.5854052188816314
pos_lbl,No POS,3764,2344,30.57,28.71,32.29,0.7748612132388846,0.5450035057310252,0.38631059545286095
pos_lbl,POS / planogram,3160,1276,111.0,101.57,inf,0.9040321721924309,0.7537397600069435,0.6164712282736202
merch_lbl,Merchandiser,3012,1161,119.0,110.71,inf,0.909705784255747,0.7739708764616152,0.6323486344017334
merch_lbl,No merchandiser,3912,2459,29.57,28.29,31.57,0.7753204044161339,0.5369226116459868,0.38237458506413985
sellthrough_band,<30%,1612,1446,14.29,13.71,15.0,0.5489987091783359,0.20979932299761048,0.06886844826530253
sellthrough_band,30–50%,1394,983,28.43,26.57,30.0,0.8078369724894086,0.534607000169839,0.2953069035978046
sellthrough_band,50–70%,1486,666,79.71,67.86,93.43,0.9310719734488738,0.7636191529000566,0.5916375286732302
sellthrough_band,≥70%,2432,525,inf,inf,inf,0.9776987049149207,0.9062598807159361,0.810672217011025
channel,Duka,1586,1138,22.14,20.57,24.29,0.6912826639837568,0.4446243876634296,0.2860124367055529
channel,HoReCa,969,499,39.71,35.43,50.57,0.8156739249373763,0.6065171901300692,0.46133709312676263
channel,Petrol station,856,565,28.14,25.29,31.86,0.7704130782804249,0.5157357173153583,0.34679189258008736
channel,Supermarket,2261,873,inf,111.0,inf,0.922866944527263,0.7806890662311257,0.639977960748963
channel,Wholesaler,1252,545,98.0,78.29,inf,0.9096146047848986,0.741005320620346,0.5997277074771828
category,Butter & cream,969,454,inf,55.0,inf,0.8131927244582046,0.6395452740822564,0.5396921350045469
category,Cheese,1588,730,54.86,49.0,62.71,0.8614278814676817,0.681999692682743,0.5164325703071936
category,Deli,875,553,35.86,31.29,41.86,0.8143613644701662,0.5942409773239394,0.42856715115939703
category,Flavoured milk,545,465,18.14,17.0,19.71,0.6693062375720071,0.3515635187234834,0.19386264246888668
category,Ice cream,1320,429,inf,inf,inf,0.9117570670246545,0.7947169164388762,0.6933397555221561
category,Yoghurt,1627,989,36.43,33.29,40.29,0.8216584336711835,0.599184449924891,0.426154472051857
