"feature","coef","hazard_ratio","ci_low","ci_high","p_value"
"has_merchandiser",-0.402537306900917,0.668621394268752,0.618734494355469,0.72253054088989,2.5736493128349e-24
"log2_shelf_life",-0.358547207706962,0.698690641476983,0.660812438859552,0.738740047523942,1.91007937069197e-36
"sellthrough_per10pp",-0.34729622273899,0.706595987454764,0.694927216855662,0.718460692540229,0
"pos_material",-0.32063545736239,0.72568774690253,0.671654045125003,0.784068390307186,4.59413745240435e-16
"trade_promo",-0.259780407219819,0.771220921756751,0.716721991306185,0.829863904512513,3.71820178500437e-12
"channel_Wholesaler",-0.233749807273497,0.791559833636219,0.686535004140085,0.912651163375131,0.00128884015347618
"category_Butter_cream",-0.178877234643209,0.836208550536963,0.746314068543317,0.936930937609068,0.00205175765852991
"retailer_margin_pp",-0.0362531047115889,0.964396169375638,0.953874335507592,0.975034065689046,9.35322395840403e-11
"category_Deli",-0.0349038167145185,0.96569829582564,0.867361279676908,1.07518426336478,0.52413058360157
"channel_HoReCa",0.0319309444134869,1.03244620666502,0.906249327573993,1.17621623235903,0.631199813806146
"category_Cheese",0.0631187202239128,1.06515328696194,0.905439837591154,1.25303910610361,0.446349904079223
"distance_per100km",0.151080599880831,1.16309039925158,1.14014103740013,1.1865016979969,6.11438162314952e-50
"channel_Duka",0.277944874930677,1.32041340732223,1.18886253430995,1.46652074223894,2.09408556172801e-07
"price_index_per10",0.283082750267951,1.32721498466877,1.26102371574047,1.39688064034146,2.10012169156635e-27
"category_Flavoured_milk",0.384234253296454,1.46848939987647,1.30781042372565,1.64890956550592,8.09413880884778e-11
"channel_Petrol_station",0.387426270148345,1.47318433195248,1.31344932097772,1.6523455006964,3.68475606460556e-11
"category_Ice_cream",0.564850281014396,1.75918437970327,1.38575104078236,2.23325084428209,3.48798064113046e-06
